food,Caloric Value,Carbohydrates,Protein,Fat,Sugars,Fiber
Afghani chicken,151.51,1.95,15.66,9.07,0.83,0.31
Al yakhani,147.54,4.65,2.86,13.14,3.56,1.27
Almond soup (Badam ka soup),78.65,3.68,10.13,13.8,1.94,0.91
Amaranth ladoo (Rajgira ladoo),454.1483154296875,51.32711791992188,10.11602783203125,22.7022647857666,19.920785903930664,5.109809398651123
American frosting,257.5739440917969,67.47669219970703,1.05374014377594,0.0085010705515742,67.46106719970703,0.0
Appam,267.6977233886719,13.279373168945312,3.1196720600128174,22.62966728210449,4.156583309173584,6.1931233406066895
Apple and honey sorbet (Seb aur shehad ka sharbat),121.2970733642578,30.74224090576172,0.1533718258142471,0.288591206073761,29.179607391357425,1.1305080652236938
Apple banana pie,243.98855590820312,32.115875244140625,3.1279330253601074,11.39358901977539,12.964731216430664,1.888298749923706
Apple cinnamon pie,258.73,33.68,3.35,12.21,11.95,1.77
Apple crumb pudding,220.85,35.17,1.54,8.87,27.69,1.33
Apple jam (Seb ka murabba),188.79,48.56,0.14,0.32,46.76,1.29
Apple jelly (Seb ki jelly),152.13,39.37,0.1,0.21,38.18,0.86
Apple kheer (Seb ki kheer),81.3,11.34,2.14,3.18,10.71,0.51
Apple mousse,106.92486572265624,12.76506805419922,4.208219051361084,4.273972511291504,10.558218955993652,1.5965752601623535
Apple oats chia seed smoothie,85.64,13.07,3.49,2.48,5.76,1.44
Apple sago payasam (Seb aur sabudana ki kheer),136.5,14.4,3.13,7.66,10.63,0.38
Apple snowballs,101.51119995117188,24.58092498779297,0.8575337529182434,0.3122158050537109,19.40366172790528,1.247591495513916
Apricot fool,240.79,33.64,1.54,11.35,21.29,1.0
Arhar with spinach (Arhar dal aur palak),52.84,4.77,2.05,2.76,0.23,1.3
Atta dal burfi ,298.7973022460937,40.64258193969727,6.662580490112305,12.47225856781006,21.07871055603028,4.077419281005859
Avial,124.55918884277344,8.47270679473877,2.460927248001098,8.936988830566406,3.826639652252197,5.443193435668945
Bacon and mushroom pancake,157.6691436767578,8.468841552734375,6.820419788360596,10.602088928222656,1.2290560007095337,1.5865178108215332
Baked brinjal in tomato sauce,38.63,4.13,1.58,1.62,2.2,2.34
Baked custard,106.52605438232422,9.453520774841309,5.413426876068115,5.303098201751709,9.418310165405272,0.0
Baked egg ,218.84698486328125,15.416930198669434,11.881781578063965,12.652177810668944,1.6649504899978638,1.02554452419281
Baked eggs in tomato sauce,80.04957580566406,3.7764370441436768,4.919628143310547,5.224381923675537,2.0262110233306885,0.0083316583186388
Baked fish with cheese sauce,113.96,4.06,8.64,7.02,3.22,0.08
Baked potato soup,147.05,5.85,5.73,11.21,3.44,0.3
Baked potato with skin ,135.77,11.11,3.43,8.5,1.66,1.2
Baked stuffed fish,121.96038055419922,2.1212949752807617,16.138198852539062,5.427358150482178,0.3463654518127441,0.3763712644577026
Baked vegetables,88.99,8.44,3.67,4.44,2.56,2.34
Baked vegetables with spinach ,77.79354858398438,6.929444313049316,3.2176640033721924,4.027524948120117,2.0877981185913086,2.325833797454834
Banana appam,469.8054504394531,20.05764961242676,1.1678863763809204,42.527591705322266,9.94823932647705,0.6738700270652771
Banana groundnut paste/puree,213.19,36.15,4.27,5.45,31.67,1.7
Banana raita (Kele ka raita),89.03,13.51,4.13,2.07,10.11,1.0
Barbeque sauce,121.93,20.46,0.96,4.51,18.88,0.69
Bathua bhujia,90.9005355834961,3.630348682403565,2.263979434967041,7.288114070892334,1.0787022113800049,3.80278754234314
Bathua poori,598.79,13.85,2.35,59.14,0.41,1.87
Bathua raita,54.40149688720703,5.309964179992676,4.125519275665283,1.7598799467086792,4.105870723724365,2.193123579025269
Beans and macaroni,136.08233642578125,14.242497444152832,4.583008766174316,7.014297008514404,1.6770107746124268,2.04951810836792
Beans foogath,105.06,3.26,2.03,9.22,1.7,4.15
Beans with coconut (Nariyal aur sem/phali; Beans thoran),131.63,4.39,2.62,11.39,2.06,5.59
Beetroot and egg salad (Chukandar aur ande ka salad),84.92,3.4,3.36,6.45,1.97,0.55
Beetroot poori (Chukandar ki poori),527.6575927734375,12.288643836975098,1.9128886461257928,52.177677154541016,0.5447970628738403,1.3979922533035278
Bengal fish curry (Bengali machli curry),109.43,4.42,7.26,7.03,2.39,1.93
Besan and spinach parantha/paratha (Besan aur palak ka parantha/paratha),216.49,21.39,5.54,12.09,1.31,4.39
Besan bathua chilla/cheela,373.82,40.65,11.48,18.57,1.45,7.79
Besan gatte curry,189.3798675537109,16.25631332397461,7.754941940307617,10.720566749572754,4.499130725860596,3.247182607650757
Besan kadhi with pakodies,403.3492126464844,3.5637803077697754,1.6443043947219849,42.5884895324707,0.8779765963554382,0.8116763234138489
Bhatura,793.2,10.73,1.63,82.56,0.69,0.38
Bhel puri ,509.886962890625,16.467708587646484,3.5175111293792725,47.91156768798828,3.4082601070404053,2.2402548789978027
Black channa curry/Bengal gram curry (Kale chane ki curry),140.68,14.11,5.67,6.61,2.36,7.99
Black channa pulao/ Bengal gram pulao (Kale chane ka pulao),125.51226806640624,21.55298614501953,3.436180353164673,2.5780675411224365,1.990526556968689,2.693915367126465
Black forest gateau,217.81735229492188,30.56795883178711,5.938715934753418,8.580164909362793,21.97380828857422,0.280737429857254
Black rice kheer (Chak-hao kheer),147.936767578125,22.93030548095703,4.366131782531738,4.905136585235596,12.568803787231444,0.7645264863967896
Boiled egg (Ubla anda),45.35,0.12,4.43,3.04,0.0,0.11
Boiled rice (Uble chawal),117.18966674804688,25.720001220703125,2.603333234786988,0.1833333373069763,0.2233333438634872,1.246666669845581
Boondi raita,687.7191162109375,3.962462902069092,2.1937742233276367,73.82686614990234,1.8782060146331787,0.4598631858825683
Boti kebab,132.86,3.06,9.22,9.27,2.09,0.76
Bottle gourd burfi (Ghiya/Lauki burfi),275.96,24.51,5.86,17.68,23.92,0.73
Bottle gourd kheer (Ghiya/Lauki kheer),84.07347869873047,10.002121925354004,2.700978755950928,3.856847286224365,9.63035488128662,0.5464400053024292
Bottle gourd raita (Ghiya/Lauki ka raita),56.31,5.76,3.98,2.07,5.25,0.85
Bottle gourd soup (Ghiya/Lauki soup),23.048173904418945,1.1608973741531372,0.4537061154842376,1.7946178913116455,0.3885237872600555,0.9585292339324952
Bread and butter pudding ,167.94,19.63,5.59,7.88,11.84,0.98
Bread pakora/pakoda,710.99,8.87,2.57,74.2,0.46,1.11
Bread roll,435.46,16.12,2.85,40.25,0.94,1.45
Bread upma,129.51,12.6,2.8,7.75,1.56,1.96
Brinjal bhartha (Baingan ka bhartha),65.11573028564453,4.397458076477051,1.3797035217285156,4.480549812316895,1.816042423248291,3.27441954612732
Brinjal pickle (Baingan ka achaar),139.01,4.23,2.24,12.98,1.07,4.62
Broccoli chicken ala king,119.56,5.34,7.97,7.57,2.49,1.92
Broccoli delight,40.69699096679688,2.342355966567993,2.4903509616851807,2.484085321426392,1.0791980028152466,2.8293232917785645
Brown sauce,109.17575073242188,5.378172397613525,11.92262077331543,23.673311233520508,0.129620686173439,1.6895172595977783
Buckwheat pancake (Khura),263.3,27.28,2.91,16.43,0.64,0.56
Butter chicken,137.00289916992188,3.744894981384277,10.924116134643556,8.699542045593262,2.3704187870025635,1.3239551782608032
Butter icing,500.72,71.64,0.19,25.37,71.64,0.0
Cabbage and peas (Pattagobhi aur matar),63.88,6.24,3.24,2.64,0.97,3.99
Cabbage kheer (Pattagobhi ki kheer),83.51,9.73,2.87,3.8,9.28,0.51
Cabbage kofta curry (Pattagobhi kofta curry),639.81,2.87,0.98,69.4,0.89,0.9
Cabbage manchurian (Pattagobhi manchurian),224.2626190185547,4.848986625671387,0.6360360383987427,22.484838485717773,0.3337308466434479,0.3719408214092254
Cabbage raita (Pattagobhi raita),84.84,5.25,3.24,5.76,4.21,0.93
Cabbage rolls (curry) ((Pattagobhi rolls)(curry)),124.63,7.03,5.76,8.17,3.81,2.35
Cabbage rolls (dry) ((Pattagobhi rolls) (dry)),142.48,6.09,8.21,9.36,1.26,1.84
Cajun chicken,184.9423065185547,1.9431791305541992,12.691536903381348,13.98684310913086,1.0968283414840698,0.887738823890686
Caramel custard (baked),122.69644927978516,14.954767227172852,5.11321496963501,5.009002208709717,14.921507835388184,0.0
Caramel custard (steamed),121.57780456542967,15.015517234802246,4.970086097717285,4.86879301071167,14.983189582824709,0.0
Cardamom cookies (Elaichi cookies),400.49,53.99,5.1,19.12,38.99,2.79
Carrot and cabbage with coconut (Nariyal ke saath pattagobhi aur gajar),106.61,4.99,1.82,8.62,2.36,4.52
Carrot and fenugreek leaves (Gajar methi),61.92,4.17,2.1,3.81,2.11,4.43
Carrot and spinach raita (Gajar aur palak ka raita),56.82553482055664,5.834925651550293,4.004861354827881,1.9850701093673704,4.930567264556885,1.394458293914795
Carrot apple sandwich (Gajar aur seb ka sandwich),214.11184692382807,29.04496192932129,5.297377586364746,9.123984336853027,5.295166969299316,3.656041145324707
Carrot halwa (Gajar ka halwa),172.64108276367188,18.53288459777832,3.1124789714813232,9.73226833343506,16.853363037109375,2.653146982192993
Carrot kheer (Gajar ki kheer),85.35,10.09,2.81,3.85,9.63,0.73
Carrot murabba (Gajar ka murabba),175.24032592773438,45.59999847412109,0.3166666626930237,0.1566666662693023,44.82666778564453,1.3933333158493042
Carrot raita (Gajar ka raita),64.78433990478516,7.185221195220947,4.136575222015381,2.1851816177368164,5.993030548095703,1.686808466911316
Cashewnut burfi (Kaju burfi/Kaju katli),421.74,37.92,5.48,28.46,31.43,1.12
Cauliflower au gratin,145.8968048095703,9.134358406066896,4.453841209411621,10.204614639282228,3.0148658752441406,1.4431378841400146
Cauliflower basket,90.95,3.97,5.21,5.88,1.47,2.4
Cauliflower kheer (Phoolgobhi ki kheer),81.95,8.78,3.04,3.95,8.49,0.55
Cauliflower kofta curry (Phoolgobhi kofta curry),641.1,2.62,1.04,69.62,0.83,1.0
Cauliflower musallam (Phoolgobhi musallam),58.82717514038086,4.484461307525635,1.892244458198548,3.546742677688598,1.7072473764419556,3.0581061840057373
Cauliflower pakora/pakoda (Phoolgobhi ke pakode),671.6342163085938,4.518176555633545,1.9761749505996704,71.86286163330078,0.2342475801706314,1.2627131938934326
Cauliflower parantha/paratha (Phoolgobhi ka parantha/paratha),178.07040405273438,18.837081909179688,3.726067066192627,9.46512508392334,1.147685170173645,4.6809587478637695
Cauliflower with coconut (Nariyal ke saath phoolgobhi),132.11,3.99,2.64,11.56,1.71,5.27
"Cauliflower, pea and potato bhujia (Phoolgobhi, matar aur aloo bhujia)",95.6666488647461,8.233966827392578,2.75445818901062,5.540585041046143,1.4717168807983398,3.2630536556243896
Cereal mix ,120.81,21.84,3.32,2.02,10.68,2.03
Cereal pulse mix with amylase rice flour,151.57098388671875,27.80470466613769,4.26745080947876,2.7423529624938965,8.839215278625488,3.4650981426239014
Channa murmura premix,339.09,72.59,10.59,3.28,1.52,8.21
Chapati/Roti,202.3111114501953,35.64999771118164,5.875,3.5611112117767334,1.0,6.3111114501953125
Charlotte rousse,188.2864532470703,34.08068084716797,3.95491099357605,4.780652046203613,20.476186752319336,1.0092885494232178
Chat masala,222.58,23.87,8.19,9.91,0.79,18.62
Checker board sandwich,348.37,25.94,7.37,24.65,2.9,2.22
Cheese and chilli sandwich ,218.1146697998047,27.40143394470215,6.795605182647705,9.78044891357422,2.3799102306365967,2.078744411468506
Cheese and mushroom omelette/omlet,205.63,1.68,9.69,17.82,1.07,0.93
Cheese and mushroom tart,246.096420288086,21.42671012878418,5.508494377136231,15.28492546081543,3.1595168113708496,1.1772490739822388
Cheese and pineapple sandwich (Cheese aur ananas ka sandwich),257.7143249511719,29.101882934570312,8.196501731872559,12.797489166259766,4.101883411407471,2.3298654556274414
Cheese and tomato pancake,147.39,10.66,5.15,9.28,3.48,1.06
Cheese and tomato sandwich (Cheese aur tamatar ke sandwich),243.3199157714844,26.92240333557129,7.918540477752685,12.274420738220217,2.8468668460845947,1.9749356508255005
Cheese and tomato sandwich (toasted) (Cheese aur tamatar ke sandwich (toasted)),224.5795135498047,21.415576934814453,6.821847915649414,12.951947212219238,2.674323320388794,1.779405951499939
Cheese balls,681.2822875976562,4.809665203094482,2.2110037803649902,72.56733703613281,0.6295315027236938,0.1789080649614334
Cheese open sandwich,274.07,28.42,9.84,14.24,3.24,1.74
Cheese patties,324.00909423828125,22.23377227783203,7.381089687347412,22.668561935424805,3.932180166244507,1.2432469129562378
Cheese pudding,285.0148010253906,19.27385330200196,11.291074752807615,18.37196159362793,18.6318588256836,0.0496308580040931
Cheese sauce,194.7616424560547,7.081819534301758,7.683526515960693,15.124773025512695,4.527501583099365,0.1179813146591186
Cheese soup,41.13197326660156,1.8684245347976685,12.38849925994873,17.071733474731445,0.8367053270339966,1.7953871488571167
Cheese straws,382.0014343261719,30.60818862915039,9.832524299621582,24.284299850463867,1.786213994026184,1.2876392602920532
Cheese toast,785.366943359375,5.485180854797363,1.9840171337127688,84.1091079711914,0.5259999632835388,0.3142931163311004
Chenna murki,252.69265747070312,36.0110969543457,10.463245391845703,8.199722290039062,35.545074462890625,0.0
Cherry and walnut cookies,422.6035461425781,59.35258483886719,5.625301361083984,18.750593185424805,30.365100860595703,1.2963489294052124
Chhena poda,344.5653076171875,33.63724899291992,13.684338569641112,17.940107345581055,30.654029846191406,1.3966330289840698
Chicken and cheese souffle,182.354248046875,3.466061353683472,9.068145751953123,14.738247871398926,2.4645779132843018,0.2564961612224579
Chicken and corn open sandwich,188.1591033935547,19.21158027648925,8.629572868347168,8.834002494812012,2.476862668991089,1.6737254858016968
Chicken and tomato towers,100.55178833007812,2.363588094711304,6.900942802429199,6.991310119628906,1.2060471773147583,1.1442689895629885
Chicken chowmein,151.3335723876953,13.301461219787598,6.331267833709717,8.234783172607422,1.630964279174805,1.6449854373931885
Chicken consomme (Clear chicken soup),47.944820404052734,1.1854139566421509,11.471491813659668,12.01870346069336,0.5409916043281555,1.5683488845825195
Chicken curry,129.22,3.38,11.79,7.57,1.79,1.41
Chicken kebab,729.41,1.11,3.71,78.89,0.24,0.21
Chicken korma,147.9583740234375,5.429599761962891,9.83096408843994,9.674144744873049,3.3224031925201416,1.818806767463684
Chicken lasagne,187.4915313720703,13.902274131774902,10.452420234680176,10.36139965057373,2.742215633392334,0.1057531610131263
Chicken manchurian,142.33798217773438,6.062744617462158,9.533809661865234,11.958362579345703,0.8952563405036926,0.4115220010280609
Chicken pakora/pakoda,590.09326171875,4.552274703979492,6.031492233276367,60.97547149658203,0.2189069092273712,0.9561175107955932
Chicken pulao,108.24,11.17,6.07,8.48,0.99,1.64
Chicken salad,338.19,1.3,15.33,30.26,0.96,2.0
Chicken sandwich,253.27267456054688,25.377338409423828,13.124119758605955,11.748669624328612,1.5979398488998413,1.6358798742294312
Chicken sandwich (toasted),167.37,18.82,12.08,5.32,2.13,1.64
Chicken stew,127.55,4.44,7.19,8.91,1.43,1.82
Chicken sweet and sour,445.09,2.67,6.92,47.59,0.89,0.58
Chicken sweet corn soup,28.32048225402832,1.632999062538147,14.47509765625,12.593029975891112,0.2650051712989807,0.4661633968353271
Chicken walnut sandwich (Chicken aur akhrot ke sandwich),285.78,22.62,12.58,16.77,1.77,1.53
Chicken yakhni,99.0019760131836,0.7757287621498108,10.658814430236816,6.098036766052246,0.1153876632452011,0.6187388300895691
Chickpea flour cookies (Sweet besan rounds/cookies),207.01,39.64,4.29,3.42,30.66,2.56
Chickpeas curry (Safed channa curry),163.43,19.98,6.1,6.84,4.78,4.73
Chilli chicken,198.8343048095703,2.859405279159546,9.572081565856934,16.562744140625,0.9303923845291138,0.9930559396743774
Chilli paneer,777.51,3.31,2.1,84.01,1.5,0.5
Chinese cabbage and meat ball soup,484.31,1.43,5.21,56.57,0.37,0.57
Choux swans,216.3354949951172,14.923518180847168,4.353611946105957,15.603715896606444,6.1290130615234375,0.3498962819576263
Chum chum,130.05374145507812,28.26984024047852,1.5168564319610596,1.917016863822937,27.84172439575196,0.0154931843280792
Classic club sandwich,200.83,18.49,6.74,11.56,1.86,1.62
Classic italian pasta,42.12,4.4,0.57,2.45,2.94,1.36
Classic seasoned black beans,28.78,7.66,8.01,8.28,0.44,3.51
Clear tomato soup (Tamatar ka soup),80.07408905029297,3.4506852626800537,4.793009281158447,12.224908828735352,1.4366905689239502,1.963787317276001
Club sandwich ,235.3241729736328,18.508420944213867,7.3101277351379395,15.121536254882812,2.013257503509521,1.8081934452056885
Coco pine cooler,32.74876022338867,5.717686176300049,0.5550532341003418,0.9999814629554749,5.52344274520874,0.2572466433048248
Coconut burfi (Nariyal ki burfi),467.64,32.15,8.81,34.63,31.5,3.5
Coconut finger,274.8556823730469,42.557167053222656,7.090244770050049,8.86209774017334,28.55017471313477,1.8706294298172
Coconut kheer (Nariyal ki kheer),162.61248779296875,14.42290210723877,3.397630214691162,10.546659469604492,13.729865074157717,1.5344955921173096
Coconut pickle (Nariyal ka aachar),517.26,11.53,3.02,51.71,8.98,6.35
Cold cucumber soup (Thanda kheere ka soup),48.03,4.58,2.99,1.99,3.34,0.88
Cold lemon souffle,169.8651580810547,15.624741554260254,5.893814086914063,9.78144359588623,13.878350257873535,0.0
Cold orange souffle,173.19,16.27,5.94,9.82,14.42,0.11
Cold pineapple souffle,181.2184295654297,16.848684310913086,6.229824542999268,10.387280464172363,14.991228103637695,0.0
Cold summer garden soup,49.18648147583008,2.645667791366577,8.571334838867188,14.081335067749023,0.4605211913585663,1.8566449880599976
Cold vanilla souffle,179.53909301757812,16.288982391357422,6.21593189239502,10.316780090332031,14.491312980651855,0.0
Coleslaw,76.71,5.59,1.24,5.32,3.62,2.34
Consomme au julienne,27.76263236999512,1.491213083267212,12.492985725402832,10.657533645629885,0.826224148273468,1.383997917175293
Consomme au vermicelli,29.944137573242188,1.3008853197097778,15.231201171875,12.981599807739258,0.2657361626625061,0.8061732649803162
Corn omelette/omlet,166.92759704589844,1.5704118013381958,11.371248245239258,12.89288330078125,0.4089575409889221,0.0213384814560413
Cornflakes with milk,117.3266143798828,14.948201179504396,3.59136700630188,5.119424343109131,9.973381042480469,0.7769784331321716
Cottage cheese pie,238.98,20.66,7.45,13.83,3.62,2.21
Cracked wheat and green gram dal premix (Dalia moong dal premix),362.1578063964844,64.74500274658203,15.890999794006348,5.1080002784729,0.6319999694824219,11.661999702453612
Cracked wheat khichri/khichdi (Dalia khichri/khichdi),167.45,22.35,7.56,5.52,3.79,3.74
Cracked wheat porridge (Meetha daliya),81.57,8.87,2.64,4.08,5.12,0.62
Cranberry cookies,272.482421875,36.39063262939453,3.9216148853302,12.661157608032228,19.963930130004883,1.126891016960144
Creamed spinach,96.9149932861328,4.442425727844238,5.184081554412842,6.390686988830566,1.590238332748413,1.3275500535964966
Creamed spinach and mushroom,419.6154174804688,3.1675798892974854,2.2780840396881104,44.137428283691406,1.1745545864105225,1.0179495811462402
Creamy chicken,152.86581420898438,3.125948905944824,13.517690658569336,9.574430465698242,2.112276315689087,0.6944236755371094
Crispy baked fish,138.4,9.59,10.95,6.41,1.53,1.21
Crispy okra/Crispy lady's fingers (Karare bhindi),657.76,4.35,1.91,70.4,0.26,1.75
Crunchy butterscotch,277.32,19.92,3.11,20.99,17.73,0.47
Cucumber and yogurt salad (Kheere aur dahi ka salad),36.12581634521485,4.723781108856201,2.0911896228790283,0.9267529845237732,2.279216289520264,1.661916732788086
Cucumber raita (Kheere ka raita),59.13,6.35,4.04,2.08,5.22,0.86
Cucumber sandwich (Kheere ka sandwich),188.6,25.77,4.8,8.0,1.64,2.45
Cucumber sharbat (Kheere ka sharbat),27.28,6.64,0.26,0.06,5.46,0.78
Cumin pulao (Jeera/Zeera pulao),135.24134826660156,23.61042594909668,2.472125768661499,3.19645094871521,0.6380037069320679,1.3994455337524414
Cumin seeds baghar (Jeera baghar/tadka),736.81,5.22,3.34,78.77,0.49,6.01
Curd dip,79.95,7.95,5.04,3.36,7.12,0.1
Curd dressing ,78.8,8.03,5.59,2.9,7.57,0.22
Curd mint dip ,76.13265991210938,9.110777854919434,4.821882724761963,2.438880443572998,7.828575611114502,0.7689000964164734
Curd rice (Dahi bhaat/Dahi chawal/ Perugu annam/Daddojanam/Thayir saadam),195.74,32.93,5.75,4.32,3.91,2.13
Curd vegetable dip,56.20660400390625,6.036352157592773,3.881967544555664,1.9432389736175537,5.4158477783203125,0.6253147125244141
Curd with potatoes (Dahi aloo),59.90421676635742,7.1462483406066895,1.5634292364120483,2.720989227294922,1.82039737701416,1.1870113611221311
Curried Cauliflower soup,37.3232421875,3.1168854236602783,6.715078353881836,9.773260116577148,1.7909719944000244,2.3384039402008057
Custard tart,225.59930419921875,28.65911102294922,3.7231037616729736,10.725021362304688,9.30566692352295,0.9122929573059082
Dahi vadas/Dahi bhalla,667.726318359375,5.486240863800049,2.960587739944458,70.4029312133789,1.7752975225448608,0.9654499292373656
Dal dhokli,68.73714447021484,8.545230865478516,2.957137107849121,2.470521688461304,1.1223342418670654,1.8612905740737915
Dal makhani,74.04019927978516,7.959490299224853,3.3151679039001465,3.063302993774414,0.7979497909545898,2.271136522293091
Dal moong,43.68643951416016,4.920639514923096,2.2027125358581543,1.6174625158309937,0.1266681104898452,1.0771321058273315
Dal parantha/paratha,268.2444763183594,30.0324821472168,6.775821685791016,13.053577423095703,1.4258382320404053,6.463358402252197
Dal stuffed poori,785.16,10.14,2.08,81.69,0.29,1.96
Dalma,118.93,15.04,4.91,4.58,3.1,2.16
Danedar burfi,102.68,12.33,3.24,4.72,11.98,0.09
Danish cookies,475.3273620605469,58.004974365234375,5.333333015441895,24.915422439575195,21.726367950439453,1.3731343746185305
Danish luncheon sandwich,193.82,17.77,9.03,10.1,1.13,1.52
Date and nut pie,322.42,46.86,3.93,13.31,31.18,4.13
Date pickle (Khajoor ka achaar),182.2870635986328,34.66094970703125,1.6772139072418213,4.205400466918945,30.473812103271484,5.2036542892456055
Deviled egg,98.5576629638672,2.2294209003448486,4.967010974884033,7.715618133544922,0.8237871527671814,1.1514867544174194
Dhansak (vegetarian),82.8,7.28,3.32,4.18,0.91,4.17
Dhokla,216.48545837402344,30.68433380126953,13.447745323181152,5.283342361450195,4.781325340270996,4.9464521408081055
Dil bahar,130.05,28.27,1.52,1.92,27.84,0.02
Dry arbi (Sookhi arbi),134.95,11.11,2.12,8.97,1.55,2.47
Dry masala chops,135.0722198486328,3.2994251251220703,9.079808235168455,9.53688621520996,2.269819021224976,0.8560987114906311
Dry potato (Sookhe aloo),103.15,14.38,1.62,4.18,0.33,1.88
Dry washed urad,124.71,15.66,6.85,3.5,0.73,4.06
Ducheese potato,140.54,10.94,3.6,9.01,0.29,1.29
Dum aloo,682.3298950195312,3.3304882049560547,0.6982631683349609,74.0066909790039,0.7082840204238892,0.6791980266571045
Egg and tomato sandwich (Ande aur tamatar ka sandwich),222.1063690185547,25.90302467346192,7.655546188354492,10.509202003479004,2.0916805267333984,1.7674790620803833
Egg curry (Anda curry),117.52,4.03,5.38,8.81,1.9,2.09
Egg cutlet (Anda cutlet),575.02,5.77,2.45,60.25,0.2,0.58
Egg drop soup,26.64,1.1,12.93,13.52,0.6,0.81
Egg halwa (Ande ka halwa),299.74,39.59,7.85,13.41,37.85,0.49
Egg nog,97.14,8.15,4.78,5.11,8.06,0.02
Egg pakora/pakoda (Ande ke pakode),710.51,4.48,2.83,75.86,0.19,0.86
Egg sandwich (Ande ka sandwich),285.95709228515625,29.15723991394043,8.694679260253906,15.797734260559082,1.863645315170288,1.877635478973389
Egg sauce,146.85,5.88,5.97,11.08,3.19,0.12
Eggplant/Brinjal rice (Vangi bhat),184.7958068847656,31.73951911926269,5.278867244720459,3.67387318611145,4.362752437591553,4.435964584350586
Fermented bamboo shoot pickle (Mesu pickle),59.83,1.73,1.58,5.59,0.29,2.24
Fermented bengal gram vada (Khameerikrit/Ufna hua channa dal ka vada),657.57,8.68,4.05,67.19,0.35,2.65
Fettuccine with spinach sauce,129.20672607421875,12.18928050994873,3.103574752807617,7.828339576721191,1.1831419467926023,0.7732551693916321
Fish curry (Machli curry),111.13,3.77,8.76,6.69,2.02,1.89
Fish cutlet (Machli ka cutlet),654.64,3.13,2.77,70.11,0.29,0.54
Fish finger,542.9013061523438,4.474176406860352,5.65550422668457,55.82164764404297,0.1717802435159683,0.3399535715579986
Fish in coconut milk (Nariyal ke doodh ke saath machli),86.21,2.73,8.66,4.43,1.55,1.52
Fish orly,563.7,4.27,5.87,58.18,0.24,0.33
Fish pakora/pakoda,577.03,4.55,5.97,59.52,0.22,0.96
Fish pie,120.89502716064452,7.743610858917236,9.250432968139648,5.772898674011231,1.1310251951217651,0.7566347122192383
Fish sandwich ,150.197021484375,10.088993072509766,4.7249064445495605,10.368215560913086,1.0428632497787476,1.228398084640503
Fish souffle,139.70716857910156,5.1389923095703125,10.508346557617188,8.546370506286621,2.0930960178375244,0.1921514272689819
Fish tikka,117.33052825927734,3.9073238372802734,15.997218132019045,4.149013996124268,1.1809154748916626,1.1778521537780762
Flattened rice cutlet (Chirwa cutlet/Chivda cutlet/Poha cutlet),701.71,7.39,1.76,73.89,0.27,0.86
French dressing,733.769287109375,3.675629138946533,0.3226490020751953,79.64860534667969,3.010728359222412,0.2196026593446731
French omelette/omlet,211.04,0.41,10.03,18.86,0.1,0.38
French onion soup,55.60973358154297,4.2752203941345215,11.40778636932373,14.39195728302002,1.502301812171936,1.0132992267608645
French sandwich (toasted),186.74937438964844,14.818387031555176,6.819484710693359,11.50631618499756,1.818118691444397,1.366315841674805
Fricassee of Mushroom,106.66338348388672,8.132780075073242,3.651402950286865,6.63320779800415,2.5073351860046387,1.2347955703735352
Frozen frosty fruit salad (Phalon ka salaad),103.51,15.61,1.68,4.17,14.38,0.26
Fruit Loaf ,324.1949462890625,46.49192428588867,5.364250659942627,13.314026832580566,24.542348861694336,0.8716331124305725
Fruit delight,107.09,9.11,2.09,7.09,9.03,0.09
Fruit flan,261.352294921875,34.71337890625,3.2990219593048096,12.48317050933838,9.517033576965332,0.711875319480896
Fruit puree tart,286.5,30.42,3.35,16.83,9.79,1.31
Fruit salad (Phalon ka salaad),78.14,15.96,0.91,1.22,9.78,1.58
Garam masala,254.2149200439453,26.19553565979004,9.887499809265137,10.97232151031494,1.7910714149475098,35.56428527832031
Garlic chickpea soup (Lahasun aur chane ka shoraba),89.53046417236328,13.91794776916504,4.4476823806762695,2.014414072036743,2.6529541015625,2.8396425247192383
Garlic pickle (Lahasun ka achar),413.6179504394531,9.753618240356444,3.722050189971924,39.88408279418945,2.323113203048706,5.1255292892456055
Garlic soup,194.86,6.99,2.38,17.62,2.39,1.66
Ghiya/Lauki Kofta Curry,638.71,2.71,0.89,69.4,0.82,0.83
Ghujia/Lavang latika,768.98,13.0,1.86,78.93,6.08,0.52
Ginger bread man,364.9998168945313,60.25521469116211,6.609490871429443,11.006036758422852,29.11962509155273,1.5980647802352903
Ginger chicken,129.1676483154297,5.599249839782715,8.244894981384277,8.240785598754883,1.9479331970214844,1.2136913537979126
Gingo,48.02,12.42,0.14,0.06,12.08,0.17
Glace icing,323.51,86.31,0.01,0.01,85.35,0.0
Gobi 65,278.29,3.59,0.56,29.11,0.29,0.57
Gooseberry marmalade (Amla murabba),123.1607666015625,32.34332275390625,0.1362397819757461,0.0272479560226202,28.61035346984864,0.0
Gooseberry pickle (Amla ka achaar),278.5849609375,7.612276554107666,1.5463242530822754,27.60933494567871,0.357848972082138,3.698528528213501
Gram flour and semolina chilla/cheela/savory pancake (Besan suji chilla/cheela),758.89,7.63,2.08,80.04,0.25,1.39
Gram flour and semolina dhokla (Besan suji dhokla),198.91,25.92,8.52,7.1,2.58,4.59
Gram flour burfi (Besan burfi),421.7930603027344,46.58642578125,11.193964004516602,22.40554618835449,28.437911987304688,3.40831995010376
Gram flour chilla/cheela (Besan chilla/cheela),135.93,21.03,7.8,2.85,1.87,4.25
Gram flour halwa (Besan halwa),276.78826904296875,25.77559471130371,5.87522554397583,17.297237396240234,15.834343910217283,1.8171298503875728
Gram flour ladoo (Besan ladoo),476.91,62.61,8.93,22.76,37.76,4.43
Gram flour poori (Besan poori),697.66,10.93,2.59,71.51,0.35,1.94
Grape and orange whip,57.39,6.72,1.41,2.62,5.66,0.97
Grapes raita (Angoor ka raita),72.5943603515625,9.657170295715332,3.975321054458618,2.067426443099976,8.508562088012695,0.7092357277870178
Gravy for kofta,125.59,6.31,1.75,10.35,3.73,1.96
Green chickpeas pulao (Choliya pulao/Hare chane ka pulao),173.43,27.57,4.88,4.82,2.48,3.15
Green chilli raita (Hari mirch ka raita),77.13,7.66,5.58,2.92,7.49,0.26
Green chilli sauce,46.05666732788086,7.364814758300781,1.2481482028961182,0.2666666507720947,5.359259128570557,1.7666666507720947
Green gram whole with baghar (Sabut moong dal with tadka),63.43,6.8,3.23,2.48,0.15,3.02
Green pea soup (Matar ka soup),39.80643081665039,3.632769823074341,11.064568519592283,12.895628929138184,0.8695144057273865,2.4928057193756104
Green tomato pickle (Haray tamatar ka achaar),193.26,2.87,1.23,19.67,0.77,1.74
Greenpea cookies,159.42,23.07,6.53,4.24,14.45,5.32
Guava jelly (Amrood ki jelly),115.74,28.18,1.11,0.25,27.38,6.61
Guava raita (Amarood ka raita),64.35635375976562,7.271121978759766,4.187798976898193,2.072148084640503,6.7127299308776855,3.003997802734375
Gujarati handvo ,207.0894470214844,31.85533142089844,8.239668846130371,4.8008952140808105,2.510761260986328,4.954425811767578
Gulab Jamun with khoya,586.06,26.09,2.03,53.23,24.12,0.07
Gulab jamun with milk powder,471.1536560058594,28.242319107055664,0.8525879979133606,40.15122222900391,27.04057884216309,0.0457142852246761
Gum icing,223.07,53.19,5.94,0.0,52.63,0.0
Gunjia,667.34,5.68,2.98,70.28,2.05,1.13
Ham and Bean soup,96.04,4.18,10.61,4.15,1.43,0.54
Handi chicken,166.02,1.49,12.32,12.46,0.75,0.67
Hariyali Fish Tikka,150.23699951171875,2.205204486846924,14.00955867767334,9.405717849731444,0.8348767757415771,0.9890422821044922
Hawain salad,175.2334442138672,14.351881980895996,4.268974781036377,11.366477966308594,5.242573261260986,3.933823108673096
Hazelnut cookies,493.3157653808594,39.43731689453125,6.248396396636963,34.97259521484375,22.0075798034668,2.4542274475097656
Horsegram dal (Kulthi dal) ,55.65,8.21,2.91,1.13,0.72,1.52
Hot and sour soup,31.51,1.78,3.12,1.31,0.66,0.6
Hot cheese souffle,177.1,5.41,9.18,13.23,2.91,0.12
Hot cherry sauce,252.74,67.95,0.13,0.07,17.65,0.0
Hot cocoa,90.0999984741211,9.234031677246094,3.36282730102539,4.562827110290527,9.006282806396484,0.0
Hot fish souffle,142.92105102539062,3.6923108100891113,11.226530075073242,9.24467658996582,1.6752010583877563,0.09785957634449
Hot lemon souffle,155.25,16.31,5.29,7.93,12.07,0.14
Hot orange souffle,179.96522521972656,18.76819610595703,6.869344234466553,8.947623252868652,14.925737380981444,0.2943442761898041
Hot potato souffle,125.64,8.56,5.51,7.64,1.78,0.66
Hot spinach souffle,104.24739074707033,4.18816614151001,5.433976173400879,7.239029407501221,1.6392691135406494,0.9902709126472472
Hot vanilla souffle,192.93272399902344,21.771137237548828,6.874431133270264,9.073646545410156,18.17011833190918,0.129882350564003
Ice box cookies,374.24,56.09,5.7,14.44,26.69,1.28
Idli,137.53526306152344,28.17755699157715,4.637406349182129,0.3331670761108398,0.2842892706394195,2.3092269897460938
Indian lamb and egg curry (Nargisi kofta),335.75,2.07,3.84,34.7,0.75,0.6
Indian style egg bhujia (Anda bhujia (Indian style)),102.83,3.76,6.1,7.02,1.95,1.53
Instant dhokla,207.11,24.11,7.66,9.37,6.86,3.57
Instant idli (with semolina),247.2870483398437,43.40259552001953,9.164912223815918,3.6070773601531982,3.3500046730041504,7.125243186950684
Jackfruit fritters (Ponsa mulik/Kathal ka pakora),597.79,24.0,2.34,54.41,11.48,1.5
Jackfruit kofta curry (Kathal ka kofta curry),321.08,3.17,0.8,33.83,2.4,0.96
Jackfruit sabzi (Kathal ki sabzi),625.3995971679688,3.4002726078033447,0.6894789338111877,67.59599304199219,2.5894932746887207,1.0243123769760132
Jackfruit/Kathal (dry),488.9747619628906,4.564837455749512,0.929660141468048,51.78341293334961,3.5488522052764893,1.3285168409347534
Jal jeera,30.24,6.7,0.44,0.26,5.71,0.95
Jam and fruit pancake,162.0184326171875,20.727575302124023,3.791611433029175,7.008038520812988,7.847491264343262,1.2086658477783203
Jam filling,184.62,46.15,0.0,0.0,41.54,0.0
Jam tart,360.72,46.18,4.42,17.35,14.74,1.14
Jellied sunshine fruit salad,48.86,4.21,5.85,0.85,2.86,1.8
Jhatpat achar with carrot (Jhatpat achaar gajar ke saath),91.21414947509766,6.324066162109375,1.9809129238128664,6.548755168914795,3.0358920097351074,5.075103759765625
Jowar dosa,294.35,40.53,8.5,10.28,0.59,5.56
Kabuli channa curry,68.57,7.63,2.92,3.06,1.24,1.12
Kadhai Paneer,107.99248504638672,7.340911388397217,4.332953453063965,6.807462692260742,5.538896560668945,2.0674757957458496
Kale salad,177.7139434814453,5.0063252449035645,4.855113506317139,15.32857894897461,3.306336641311645,1.3593477010726929
Kashmiri 'tahar',98.21,19.11,1.95,1.37,0.17,0.98
Kashmiri masala,389.02,23.16,8.26,31.03,2.41,12.12
Kashmiri mutton koftas (Gushtaba),97.42452239990234,3.0412137508392334,6.334486961364746,6.767289161682129,2.1251871585845947,0.624586820602417
Kashmiri tea (Kehwa),24.9,5.23,0.17,0.51,5.14,0.16
Keema kofta curry,154.45,5.64,9.77,10.39,2.14,1.51
Keema pancake,176.2749786376953,9.559337615966797,9.006999969482422,11.245588302612305,2.1966712474823,0.840624213218689
Keema parantha/paratha,238.086181640625,18.35640525817871,9.405674934387209,13.909818649291992,0.9902732968330384,3.441148042678833
Kesari bath,244.57,31.38,2.4,12.59,20.16,1.65
Khakhra,178.5,27.66,4.78,5.32,0.88,5.43
Khakhra chaat,358.66,16.64,4.52,30.65,3.26,3.04
Khaman (dhokla),54.726593017578125,5.355262756347656,1.9246256351470947,2.7977488040924072,1.3624606132507324,1.4915459156036377
Khasta kachori,712.73,12.81,2.51,72.27,0.34,0.97
Khatta channa,202.5660552978516,21.140640258789062,6.295548915863037,10.559773445129396,4.749385356903076,5.260317325592041
Khoa and coconut pancake,271.98,27.32,6.98,15.29,16.47,1.65
Khoa coconut burfi,411.45,36.55,9.98,26.01,35.6,4.07
Khoa ladoo,396.0151062011719,34.432220458984375,12.20555591583252,24.094444274902344,33.366111755371094,3.081111192703247
Kidney bean curry (Rajmah curry),143.73,16.38,5.95,5.77,2.49,5.83
Kidney bean sandwich with cottage cheese,176.64,18.86,9.85,6.84,3.69,3.66
Kiwi granola pudding,280.99,32.33,5.6,15.36,15.08,3.71
Kulfi,98.42650604248048,11.302668571472168,3.208611488342285,4.696408271789551,10.386534690856934,0.1230904832482338
Lasagne with meat sauce,63.38,5.38,2.9,3.43,1.04,0.47
Lasagne with vegetables,49.23,5.9,1.71,2.16,1.37,0.66
Lem-o-gin,21.517364501953125,5.551969051361084,0.0807568356394767,0.0281009096652269,5.384456634521484,0.1291941106319427
Lemon and ginger squash (Nimbu aur adrak ka squash),170.34,44.06,0.54,0.21,42.53,1.07
Lemon butter fish,160.2456817626953,0.753724992275238,16.383150100708008,10.258563041687012,0.228300005197525,0.3618749976158142
Lemon chicken,169.78912353515625,0.5507365465164185,20.198272705078125,9.655328750610352,0.1621320843696594,0.1596775203943252
Lemon chiffon pie,259.31,27.63,4.88,14.52,11.39,0.66
Lemon cookies,394.4773254394531,42.18605041503906,5.62749719619751,23.01546287536621,23.471981048583984,0.7844515442848206
Lemon coriander soup,108.06,10.32,2.27,6.26,2.2,6.77
Lemon curd filling,225.62,26.41,3.43,12.58,26.13,0.0
Lemon meringue pie,224.43,35.11,3.88,8.16,21.17,0.44
"Lemon rice (Pulihora, Elumichai sadam, Chitranna)",176.30288696289062,21.622270584106445,4.256220817565918,7.879806518554687,0.777531623840332,2.522399425506592
Lemon souffle,168.51,13.43,6.95,10.02,11.67,0.0
Lemon squash (Nimbu ka squash),184.56,48.88,0.15,0.06,48.88,0.0
Lemon tart,303.35,30.68,6.12,17.45,10.68,0.81
Lemonade,20.8,5.48,0.03,0.01,5.47,0.02
Lentil soup,31.16623878479004,3.944583177566528,9.653425216674805,11.678777694702148,1.0551661252975464,2.5739505290985107
Lentils and semolina porridge (Dal suji porridge/daliya),117.28924560546876,23.19099998474121,3.261500120162964,1.061500072479248,13.838500022888184,1.440500020980835
Lentils and wheat porridge (Dal wheat porridge/daliya ),52.5369758605957,8.364757537841797,2.7113068103790283,0.9421439170837402,0.917474329471588,1.2845815420150757
Lichi squash,198.33,51.96,0.3,0.08,51.31,0.41
Lobia curry,148.99,17.88,6.06,5.62,2.51,4.57
Lotus seed halwa (Kamal gattay ka halwa),370.55,39.56,7.79,20.69,9.8,0.42
Lotus stem curry (Kamal kakdi curry),110.33787536621094,9.235796928405762,1.529191493988037,7.250926971435547,2.086090087890625,3.141336441040039
Lotus stem kofta curry (Kamal kakdi kofta curry),633.56,5.01,0.96,67.76,0.88,1.01
Lotus stem pickle (Kamal kakdi ka achar),102.69074249267578,20.070594787597656,1.442939281463623,1.5996668338775637,2.5317747592926025,8.581247329711914
Maa chaane ki dal,344.67,43.11,19.8,9.5,1.05,13.45
Macaroni salad,262.19,21.63,5.02,17.78,3.73,0.56
Macroni cheese pie,170.63,21.1,5.85,7.48,3.4,0.4
Maize porridge,89.57054138183594,15.64161777496338,2.139853000640869,1.886617660522461,7.686617374420166,1.6801470518112185
Makhana kheer,107.84941864013672,12.878679275512695,3.309985399246216,5.004436492919922,11.53996753692627,0.1147984638810157
Makki ki roti,263.9683532714844,24.191999435424805,3.4924707412719727,16.849411010742188,0.6976470351219177,5.191764831542969
Mal pua,566.6776733398438,17.56153106689453,1.7057117223739624,54.6356315612793,11.770844459533691,0.617451548576355
Mango cheesecake,152.45855712890625,20.06123161315918,2.3884427547454834,7.303961277008057,15.359848976135254,1.1448510885238647
Mango malpua,334.64,12.84,1.65,30.67,4.96,2.08
Mango mousse,124.9756851196289,9.140071868896484,3.207240104675293,8.466129302978516,8.892509460449219,0.8845161199569702
Mango pickle (Aam ka achaar),192.12,8.11,1.6,17.89,1.79,3.68
Mango raita (Aam ka raita),67.36566925048828,8.231207847595215,3.9044950008392334,2.144547939300537,7.867980480194092,0.891809344291687
Mango squash (Aam ka squash),194.66,50.96,0.17,0.17,50.84,0.58
Mango vanilla custard,147.63104248046875,18.40708541870117,3.43033218383789,7.043948173522949,14.620885848999023,0.993726909160614
Marmalade (Murabba),143.76,37.64,0.23,0.04,37.29,0.43
Masala arbi,185.38,16.16,3.01,11.9,0.81,3.1
Masala dosa,164.5846710205078,19.56658744812012,3.2877273559570312,7.840357303619385,1.32723867893219,2.522749423980713
Masala dosa mixed vegetable fillings,144.53,23.02,4.84,3.26,1.53,4.31
Masala dosa paneer fillings,243.12,29.76,10.31,8.84,4.81,3.11
Masala green chilli pakora/pakoda (Hari mirch kay pakode),668.76,5.55,2.22,71.01,0.27,1.34
Masala onion pakora/pakoda (Pyaaz ke pakode),551.64,6.48,2.05,57.61,1.58,1.44
Masala souffle ,123.5146484375,8.020496368408203,6.383276462554932,7.365000247955322,1.836639165878296,1.242013454437256
Masala urad dal vada,703.7791748046875,9.931134223937988,4.321949005126953,71.6166000366211,0.7043834924697876,2.710979700088501
Masala vada,826.02,4.06,1.69,89.15,0.24,1.07
Mashed banana with milk,95.43451690673828,14.622580528259276,2.5064516067504883,2.993548393249512,11.348386764526367,0.7129032611846924
Mathri,805.12,12.32,1.75,83.1,0.29,0.6
Meat and macaroni casserole,161.55,16.12,9.15,10.17,1.0,1.19
Meat consomme (with mutton),29.76,0.51,14.86,13.68,0.24,0.71
Melting moments,437.91,55.84,5.71,21.78,25.0,1.88
Meringue and rice pudding,112.9268798828125,14.604464530944824,4.836517810821533,4.050312519073486,10.874107360839844,0.1669642925262451
Methi chaman,475.62,2.78,1.54,50.91,1.79,0.53
Methi malai paneer,194.97784423828125,8.150174140930176,7.340943813323975,14.758784294128418,6.001214981079102,1.4724628925323486
Methi pakora/pakoda (Methi ke pakode),713.25,4.68,2.06,76.39,0.25,1.18
Methi parantha/paratha,148.36228942871094,22.191102981567383,4.271204471588135,4.344996452331543,2.4386165142059326,5.089674949645996
Methi poori,710.0203247070312,7.981307506561279,1.4534616470336914,74.6041488647461,0.2609230875968933,1.61338472366333
Methi thepla,346.16,41.34,8.98,15.95,2.98,7.56
Mexican rice,120.57,14.21,4.62,4.88,1.44,1.64
Milk cookies,459.4341735839844,48.428184509277344,10.493767738342283,24.96055030822754,22.060625076293945,0.9948435425758362
Millet soup,55.99332427978516,8.220386505126953,11.262971878051758,12.56999397277832,1.453009843826294,2.8229727745056152
Minced meat ball curry,109.79,2.86,6.82,7.85,1.27,1.49
Minced meat cutlet,531.86,5.61,5.1,54.47,0.31,0.4
Minced meat pancake (with chicken),116.04,8.18,12.01,10.48,1.29,0.7
Minced meat patties,265.72,15.25,6.88,19.57,0.88,0.77
Minced meat pie,221.5529022216797,18.11471366882324,7.378210067749023,13.039274215698242,1.4181064367294312,2.325727701187134
Minced meat samosa (Keema ka samosa),620.99,6.14,4.43,64.26,0.5,0.39
Minestrone soup,42.66,3.71,9.3,11.09,1.01,1.92
Mint and peanut raita (Pudinay aur moongfali ka raita),112.05,7.31,7.05,6.19,6.17,1.79
Mint and peanut sandwich,273.58807373046875,31.828014373779297,7.177052021026611,13.883594512939451,2.782712697982788,3.67368745803833
Mint raita (Pudinay ka raita),77.59,7.65,5.64,2.96,7.48,0.34
Mintade,40.32,10.59,0.03,0.02,10.47,0.03
Mixed dal,61.92817687988281,5.792935848236084,2.5055992603302,3.103567600250244,0.3387412130832672,1.6162534952163696
Mixed pulse and vegetable salad,83.11799621582031,13.961459159851074,4.735941410064697,0.8368490934371948,1.3594567775726318,2.9610753059387207
Mixed vegetable pakora/pakoda,673.81,5.12,1.94,71.86,0.38,1.13
Mixed vegetable pickle (Sabziyoon ka achaar),211.2047119140625,7.483425140380859,1.8994140625,19.682106018066406,2.769052267074585,2.7636446952819824
Mixed vegetable pulao,113.0494384765625,17.489917755126953,2.722787380218506,3.327634572982788,1.3519388437271118,2.6673471927642822
Mixed vegetable salad with curd sauce,60.28056716918945,7.034287452697754,4.229650020599365,1.500777006149292,2.157872438430786,3.785794496536255
Mixed vegetable soup,35.71,2.95,8.22,11.66,1.64,1.64
Mooli bhujia,91.20166778564452,4.744147777557373,1.6869206428527832,7.25031566619873,1.071142554283142,2.356360912322998
Moong bean dosa (Pesarattu),285.96,31.91,12.32,11.67,2.9,6.04
Moong dal halwa,349.8,40.23,8.35,17.68,25.59,2.65
Moong dal kheer,77.16,9.89,2.95,2.97,7.92,0.4
Moong dal mixture,158.84,33.93,4.62,1.0,24.68,1.9
Moong dal stuffed cheela/chilla (Moong dal ka cheela/chilla),154.89,19.42,6.97,5.11,1.11,4.25
Moong dal with vadi,24.07896423339844,0.995238184928894,0.3970863819122314,2.048027276992798,0.4482230246067047,0.3938679099082947
Moti mahal dal (Urad rajmah mix dal),103.13,8.74,3.93,5.66,1.7,3.38
Mulligatawny soup,54.42295837402344,8.236784934997559,11.264935493469238,13.27671718597412,1.25943124294281,2.5955166816711426
Murmura (Puffed rice),113.32,15.67,3.62,4.04,7.31,0.28
Murmura chikki,253.8179931640625,59.59428787231445,2.124285697937012,0.322857141494751,48.27428436279297,0.365714281797409
Mushroom and cheese sandwich (toasted),227.4191131591797,21.012937545776367,7.785544395446777,13.008052825927734,2.1066665649414062,2.2843563556671143
Mushroom matar,70.77,5.33,2.79,4.11,1.39,3.13
Mushroom pulao,124.29,19.02,2.52,4.03,1.0,1.88
Mushroom sauce,137.56,7.31,3.39,10.51,3.86,0.47
Mutton biryani/biriyani,190.76315307617188,22.495088577270508,7.376446723937988,7.724486827850342,2.389554023742676,2.415123462677002
Mutton chops,663.64,1.48,4.03,71.31,0.42,0.17
Mutton do piaza,183.3,4.14,9.39,14.41,2.9,1.93
Mutton korma,115.6387710571289,2.5322153568267822,7.092463493347168,8.535347938537598,1.6357982158660889,0.7784342169761658
Mutton pulao,130.77203369140625,11.260220527648926,6.517856121063232,10.780278205871582,0.9962867498397828,1.6508136987686155
Mutton seekh kebab,133.94,3.11,11.25,8.43,1.4,1.88
Mutton yakhni,104.13,0.84,8.27,7.7,0.13,0.67
Naan,286.45,51.75,8.05,4.99,5.59,1.91
Namkeen daliya,295.1106262207031,49.31864929199219,8.28543472290039,7.992717266082764,0.8184724450111389,8.565542221069336
Nannari sharbat,88.79,23.62,0.01,0.01,23.58,0.0
Navratan pulao,261.707763671875,36.979042053222656,6.198443412780762,9.453126907348633,2.5189785957336426,3.8167121410369873
Oatmeal Porridge,72.85,8.77,2.6,3.22,5.2,0.39
Oats burfi,425.1870727539063,62.46829605102539,8.886306762695312,17.26929473876953,32.92688751220703,4.9580912590026855
Okra/Lady's fingers fry (Bhindi sabzi/sabji/subji),110.81,4.5,1.83,9.27,1.42,3.57
Onion pakora/pakoda (Pyaaz ke pakode),674.6106567382812,5.411282539367676,1.8990808725357056,71.83914184570312,0.8759080767631531,1.1132690906524658
Onion raita (Pyaaz ka raita),71.55741119384766,7.862971305847168,4.8553996086120605,2.425239562988281,7.069936275482178,0.6479872465133667
Onion tomato baghar (Pyaaz tamatar ka tadka),137.5240936279297,6.172307014465332,1.259573221206665,11.977766036987305,3.505309581756592,2.119181871414185
Onion tomato uttapam,462.0191955566406,11.315990447998049,1.906250596046448,45.30297088623047,0.796848714351654,1.26231849193573
Onion-green chilli parantha/paratha (Pyaaz aur hari mirch ka parantha/paratha),191.27,26.37,4.37,7.27,2.71,5.16
Orange chiffon pie,207.57,23.14,3.89,11.16,10.46,0.7
Orange gateau,178.05,27.01,4.78,6.02,18.33,0.68
Orange marmalade (Santray ka murabba),104.17,25.94,0.66,0.13,25.09,1.97
Orange omelette/omlet,194.66,1.68,8.93,16.84,1.68,0.0
Orange souffle,168.2843017578125,14.199590682983398,6.798155784606934,9.725512504577637,12.306352615356444,0.22469262778759
Orange squash (Santre ka squash),193.26,50.88,0.22,0.04,50.56,0.4
Paaner do pyaza,127.70478057861328,3.4062819480896,4.215830326080322,10.870146751403809,2.1970484256744385,0.8370941281318665
Pancake,203.36,20.49,5.68,10.82,3.32,0.65
Panchmel dal,111.22245025634766,10.708924293518066,4.625019073486328,5.355630397796631,0.746546745300293,3.196727514266968
Paneer and pea samosa (Paneer matar ka samosa),623.81,8.55,4.02,63.65,1.69,1.02
Paneer curry,176.5167694091797,8.398056983947754,7.80112361907959,12.38486671447754,6.285912036895752,1.3991330862045288
Paneer cutlet,672.1958618164062,7.616063594818115,4.58763599395752,69.37588500976562,2.521210193634033,0.3922957479953766
Paneer in butter sauce,145.61,9.7,6.99,8.81,7.49,1.5
Paneer kaathi roll,285.942138671875,20.10346984863281,6.916443347930908,19.554462432861328,3.294161558151245,2.404341220855713
Paneer kheer,105.30525207519533,10.0291166305542,4.527268886566162,5.372189044952393,9.86566162109375,0.0679646208882331
Paneer kofta curry,670.9107666015625,3.2690014839172363,2.3853530883789062,72.06321716308594,1.98103415966034,0.4012089967727661
Paneer lababdar,105.4761199951172,3.367576360702514,3.983811855316162,8.464692115783691,1.963638067245484,1.1574817895889282
Paneer makhana korma,775.816162109375,4.631985187530518,3.242100477218628,82.75785827636719,1.8411284685134888,0.2097858339548111
Paneer pakora/pakoda,718.1218872070312,5.5248703956604,3.270359516143799,76.05168151855469,1.0834170579910278,0.8868960738182068
Paneer parantha/paratha,262.97,24.33,7.98,14.62,3.77,4.0
Paneer patties,338.58,22.79,7.6,23.96,4.04,1.18
Paneer pea sandwich (toasted) (Paneer matar ka sandwich),249.55572509765625,24.052186965942383,12.400134086608888,11.975685119628906,6.396068572998047,2.11628532409668
Paneer potato cutlet (Paneer aloo cutlet),672.9443359375,5.228550434112549,2.4702839851379395,71.40327453613281,1.021267294883728,0.41150763630867
Paneer pulao,581.91,8.76,1.98,59.81,1.11,0.62
Paneer shaslik/tikka,93.85,7.98,5.11,4.49,4.61,1.23
Paneer soup,47.85,2.42,3.22,2.8,1.98,0.28
Paneer stuffed cheela/chilla,205.18930053710932,19.159791946411133,11.436202049255373,8.886109352111816,3.814091682434082,4.02839469909668
"Paneer, apple and pineapple salad",95.08026885986328,8.348224639892578,3.8840737342834473,5.067788600921631,6.363084316253662,1.647458791732788
Papdi,708.96,12.89,1.83,72.11,0.31,0.56
Parsley potato,119.51,13.81,1.49,6.28,0.34,1.59
Pasta cheese sauce,149.26318359375,9.002586364746094,4.331730365753174,10.84160327911377,4.216065406799316,0.1378142088651657
Pasta hot pot,125.17,11.6,5.84,6.47,5.99,0.8
Pasta salad,190.36,12.7,4.15,13.92,2.6,0.96
Pasta spinach sauce,85.46442413330078,1.7601345777511597,1.7649435997009275,7.8962721824646,1.041579246520996,0.8597145080566406
Paushtik ladoo,485.87,60.34,7.65,24.98,38.12,4.57
Paushtik roti,149.26,26.59,7.17,1.51,2.03,5.74
Pav bhaji,96.52545928955078,11.993011474609377,2.660388708114624,4.317642688751221,2.05706000328064,1.9795962572097776
Pav bhaji masala,230.4664001464844,29.14894294738769,9.129295349121094,10.964405059814451,1.4812334775924685,24.304845809936523
Pavlova,200.6,21.84,1.84,12.29,20.37,0.06
Pea curry (Matar ki sabzi),102.99124908447266,9.196368217468262,4.51231861114502,5.108823776245117,1.981677412986756,4.439067363739014
Pea keema curry (Matar keema ki sabzi),133.0,6.24,8.43,8.14,1.82,2.96
Pea keema sandwich (toasted) (Matar aur keema ka sandwich),171.77516174316406,20.25550651550293,11.055025100708008,5.611410140991211,1.9430606365203853,2.453407526016236
Pea kofta curry (Matar kofta curry),595.664794921875,4.1676106452941895,2.010419607162476,63.392459869384766,0.8833504319190979,1.7043529748916626
Pea mushroom curry (Matar mushroom),93.2961196899414,7.41149091720581,3.868680953979492,5.161108016967773,1.824824571609497,3.860334634780884
Pea paneer curry (Matar paneer),134.83436584472656,9.291922569274902,6.605493068695068,7.750081539154053,3.8927581310272217,3.299630880355835
Pea parantha/paratha (Matar ka parantha/paratha),190.73114013671875,21.512731552124023,5.594754695892334,8.798940658569336,1.287093162536621,5.606614112854004
Pea potato curry (Aloo matar),100.92,9.74,3.48,5.13,1.86,3.61
Pea potato sandwich (toasted) (Matar aloo ka sandwich),164.9,25.17,4.6,5.43,1.33,2.89
Pea vadi curry,101.94745635986328,8.900667190551758,4.637181282043457,5.077193737030029,1.9231497049331665,4.284573554992676
Peach blueberry preserves,177.3811492919922,45.763973236083984,0.5251616835594177,0.2012289762496948,45.330078125,1.14139723777771
Peanut and tomato sandwich (Moongfali aur tamatar ka sandwich),291.43,28.54,9.53,16.14,2.82,4.03
Peanut brittle (Moongfali ki chikki),320.46,47.46,6.94,11.13,43.92,2.63
Peanut burfi (Moongfali ki burfi),550.99,48.14,9.31,36.84,43.08,4.09
Peanut butter cucumber sandwich,243.33,29.76,9.04,10.56,2.91,3.35
Peanut cutlet (Mungfali ke cutlet),698.7667236328125,5.675396919250488,2.627135992050171,74.00220489501953,0.5091842412948608,1.2082369327545166
Peanut pulao ,193.2752685546875,21.18099975585937,5.3159260749816895,9.512810707092283,1.6029337644577026,2.900153636932373
Peanut raita (Mungfali ka raita),150.39,9.3,8.59,8.98,7.11,1.89
Peanut sago vada (Sabudana mungfali vada),749.8857421875,7.1394147872924805,1.0144987106323242,79.82255554199219,0.192186951637268,0.6226351261138916
Pear chocholate sunday,183.49,15.02,2.08,13.11,14.41,0.07
Pear preserves (Naashpati ka murabba),101.2390365600586,25.66578483581543,0.2510855495929718,0.1864270269870758,25.188047409057617,3.0575222969055176
Pearl millet infant food (Bajra shishu aahaar),362.44,62.1,11.98,6.62,26.06,7.84
Pearl millet ladoo (Bajra ladoo),319.66,50.98,9.61,8.06,27.44,6.0
Pearl millet mathri (Bajra mathri),785.08,7.42,1.82,83.12,0.16,1.36
Peas brinjal bhartha (Matar baingan bhartha),84.55,5.02,2.05,6.05,1.57,3.63
Peas kachori (Matar kachori),584.683349609375,13.247672080993652,3.213043212890625,57.50550842285156,0.49635711312294,2.0310518741607666
Peas poori (Matar ki poori),592.83,14.92,3.04,57.69,0.48,2.25
Peas pulao (Matar pulao),108.87,18.42,3.89,1.9,1.3,3.21
Penne platter,177.4,20.87,5.04,8.71,4.5,1.09
Phirni,116.11735534667967,16.108293533325195,3.4872515201568604,4.344455242156982,10.78785228729248,0.3576363027095794
Pin wheel sandwich,311.5205993652344,14.004125595092772,8.766905784606934,24.934709548950195,1.4543497562408447,0.928968608379364
Pineapple jam ,149.1791534423828,38.26698303222656,0.3216981291770935,0.1509433984756469,37.44245147705078,2.2028303146362305
Pineapple raita (Ananas ka raita),67.74,8.62,3.9,2.02,8.12,1.39
Pineapple souffle ,196.14,15.52,8.06,11.72,13.45,0.0
Pineapple squash (Ananas ka squash),195.02,51.34,0.16,0.05,51.08,1.06
Pineapple tart,195.404296875,28.61894798278809,2.287935256958008,8.214736938476562,11.092470169067385,0.8725506067276001
Pineapple upside down pudding,257.73,35.73,3.15,11.91,22.16,0.8
Plain burfi (Burfi),408.32,30.88,9.82,27.96,30.43,0.17
Plain dosa,380.9057922363281,64.07878875732422,10.336366653442385,8.430865287780762,0.696020781993866,5.229584693908691
Plain khitchdi (Plain khichri/khichdi),57.03,10.04,1.72,1.01,0.12,0.85
Plain omelette/omlet,272.4109802246094,0.6448251605033875,9.664055824279783,25.74034881591797,0.5140559673309326,0.1159440577030181
Plain parantha/paratha,298.30084228515625,30.69233512878418,5.055602073669434,16.858184814453125,0.8609350919723511,5.433456897735596
Plain pulao,140.20791625976562,21.81610870361328,2.338649034500122,4.622068881988525,1.145469307899475,1.685498595237732
Plain urad dal vada (Uzunne vada/Minapa garelu/Ulundu vadai/Medu vada),745.4993896484375,9.698890686035156,4.385420322418213,76.31505584716797,0.1597464382648468,2.268779754638672
Plum jam (Aloo bukhara jam),178.8855743408203,46.20192337036133,0.3076923191547394,0.1923076957464218,45.25480651855469,0.995192289352417
Plum squash (Aloo bukhara squash),211.167709350586,55.51112365722656,0.1599600166082382,0.0999750047922134,55.01874542236328,0.5173707008361816
Poached egg,123.87,0.37,11.98,8.19,0.05,0.3
Poha,294.5255126953125,35.047969818115234,6.085385799407959,14.138228416442873,0.8732900023460388,3.7158710956573486
Poha with curd (Poha aur dahi),173.32456970214844,26.723424911499023,6.011369705200195,4.653630256652832,5.460479736328125,1.0943834781646729
Pomegranate raita (Anaar ka raita),72.64,7.15,4.05,3.24,7.01,0.6
Poori,737.63,8.22,1.35,77.61,0.23,1.46
Poshtik chilla/cheela,159.53,27.47,4.85,3.04,1.22,4.91
Poshtik cutlet,496.4497680664063,7.38846492767334,2.0035715103149414,50.94115447998047,0.3184671998023987,1.3453850746154783
Poshtik khichdi/khichri,93.37,15.64,3.04,1.88,0.26,2.0
Poshtik namak paras,613.3907470703125,19.52298355102539,6.490126132965088,56.57683944702149,0.8714147210121155,4.554360389709473
Potato aigrettes,530.03,8.01,2.35,54.24,0.73,0.45
Potato bonda (Aloo bonda),632.84,4.53,1.09,67.8,0.27,0.83
Potato capsicum (Shimla mirch aloo),125.52963256835938,8.716957092285156,1.409610629081726,9.332274436950684,0.5350494384765625,2.024608373641968
Potato cauliflower (Aloo gobhi),106.18,5.99,1.9,8.13,0.44,3.02
Potato curry (Aloo ki sabzi),89.55504608154297,10.419947624206545,1.5177794694900513,4.468658924102783,1.584913969039917,2.42208218574524
Potato fenugreek (Aloo methi),135.15,8.47,2.25,10.04,0.54,2.93
Potato halwa (Aloo ka halwa),151.66384887695312,29.176040649414062,1.526275634765625,3.4848556518554688,17.421436309814453,1.641784429550171
Potato kofta curry (Aloo kofta curry),455.4,2.78,0.56,49.08,0.63,0.56
Potato nests,111.6167221069336,11.04868984222412,5.706343173980713,4.76517915725708,1.4118245840072632,2.48541522026062
Potato pakora/pakoda (Aloo pakoda),677.19,6.04,1.9,71.84,0.22,1.03
Potato parantha/paratha (Aloo ka parantha/paratha),205.0423889160156,23.920074462890625,3.697914361953736,10.220277786254885,1.15238356590271,4.17527961730957
Potato pickle (Aloo ka achaar),369.1396789550781,7.865382671356201,2.073549270629883,36.45631790161133,0.8196935653686523,2.2119264602661133
Potato raita (Aloo ka raita),75.379638671875,10.23905086517334,4.220800876617432,2.039623260498047,5.079367637634277,0.7503228187561035
Potato salad (Aloo ka salaad),89.91,11.19,1.4,4.4,3.94,1.32
Potato samosa (Aloo ka samosa),577.39,9.21,1.71,59.19,0.29,1.19
Potato stuffed poori (Aloo ki poori),776.74,9.4,1.52,81.35,0.26,1.64
Potato with curd,73.18,12.01,3.19,1.33,3.3,1.02
Prawn curry (with coconut) (Jhinga curry),109.55,3.1,8.54,6.93,2.03,1.56
Prawn sandwich,169.65,11.89,10.36,9.27,1.21,1.55
Puffed wheat (Murmure/Moori),113.31719207763672,15.66906452178955,3.620503425598145,4.042446136474609,7.312230110168457,0.2762590050697326
Puffy omelette/omlet,188.15,0.08,8.82,16.84,0.08,0.0
Pulse mix,83.29,16.0,3.16,0.54,6.59,2.25
Pumpkin coconut burfi (Kaddu aur nariyal ki burfi),186.1792755126953,17.024032592773438,1.7519750595092771,12.655717849731444,16.111600875854492,4.285862922668457
Pumpkin cookies ,218.4,44.69,2.51,3.93,31.62,1.06
Pumpkin halwa (Kaddu ka halwa),190.2737579345703,27.604692459106445,1.326190710067749,8.809317588806152,26.635602951049805,2.970314741134644
Pumpkin kheer (Kaddu ki kheer),86.35009002685547,10.435442924499512,2.7588794231414795,3.86245059967041,10.117840766906738,0.6286215782165527
Pumpkin raita (Kaddu ka raita),55.60216522216797,6.017682552337647,3.735051870346069,1.883962154388428,5.475024700164795,1.0413557291030884
Pumpkin soup,40.05,2.08,0.47,3.2,1.47,1.19
Putharekulu,318.3,59.61,3.66,7.55,23.86,1.75
Queen of pudding,132.91976928710938,16.34950065612793,5.507628440856934,5.379554748535156,11.770222663879396,0.2670759856700897
Quinoa khichdi/khichri,64.01,8.83,3.18,1.59,0.69,2.58
Radish parantha/paratha (Mooli ka parantha/paratha),183.52,20.54,3.3,9.53,1.31,4.32
Rainbow sandwich,272.75,34.26,7.75,12.54,4.05,2.1
Rajbogh,133.7,28.16,1.71,2.28,27.66,0.11
Rasam powder (Rasam masala),267.96,25.19,12.04,11.8,1.91,35.71
Rasam with lemon (Nimmakaya rasam/Nimmakaya charu/Elumichai rasam/Nimbe hannina saaru),24.41213607788086,2.845593214035034,1.1060152053833008,0.8744194507598877,0.4447531700134277,1.5370126962661743
Rasam with tamarind (Puli rasam/ Chintapandu rasam/ Charu/Saaru),26.740537643432617,3.369755506515503,1.13163161277771,0.8818190693855286,0.8298594355583191,1.5956131219863892
Rasbhari,130.05,28.27,1.52,1.92,27.84,0.02
Rasgulla,118.63716888427734,25.78821563720703,1.3837014436721802,1.748734474182129,25.397680282592773,0.0141331385821104
Rasmalai,135.5491180419922,29.171350479125977,1.6134483814239502,2.1076526641845703,28.70868492126465,0.0715270787477493
Raspberry shortbread cookies,441.12,61.25,3.0,21.25,40.86,0.75
Raw banana kofta curry (Kela kofta curry),627.271484375,3.4044394493103027,0.6216891407966614,67.97930908203125,2.3014891147613525,0.5909394025802612
Raw mango drink (Aam panna),35.91822052001953,9.047467231750488,0.1570344567298889,0.0263407826423645,7.490847110748291,0.6120251417160034
Raw papaya with coconut (Papaya thoran),132.7501220703125,5.5771684646606445,1.535468816757202,11.42029094696045,3.821477890014648,4.314496040344238
Raw turnip with coconut ,132.15,5.78,1.8,11.47,4.4,2.79
Ribbon sandwich,239.2641143798828,24.76007843017578,6.26319694519043,13.371228218078612,4.655594348907471,2.924288511276245
Rice dal porridge (Chawal dal ki khichdi/khichri),383.33209228515625,65.03800201416016,10.79699993133545,8.329000473022461,26.542999267578125,4.508999824523926
Rice flakes (Chiwda/Aval),112.44,15.57,3.62,3.99,7.28,0.37
Rice flakes and roasted channa ,333.4,71.94,10.57,2.94,1.31,8.84
Rice kheer (Chawal ki kheer),75.02603149414062,10.049087524414062,2.29722547531128,2.972336530685425,8.017951011657715,0.172836884856224
Rice moong dal cheela (Chawal aur moong dal ka cheela),798.2612915039062,11.127787590026855,2.740994691848755,82.43790435791016,0.1512864530086517,1.184048056602478
Rice murukku,593.989990234375,33.2929573059082,5.414796352386475,48.2248420715332,0.1703379601240158,2.182837963104248
Rice puttu (Ari puttu),81.98,11.82,1.26,3.13,0.33,0.76
Rice upma,151.26658630371094,17.955875396728516,2.628898859024048,7.457507610321045,1.1252976655960083,2.116829872131348
Roast chicken,199.90284729003903,0.1003467664122581,20.485633850097656,13.063252449035645,0.0461761951446533,0.0310777891427278
Roast potatoes ,87.32,14.52,1.53,2.35,0.33,1.71
Roasted cauliflower steak,78.68,2.02,2.05,6.7,0.44,3.53
Roghan josh,139.59,4.93,9.56,9.02,2.66,2.08
Rolled sandwich,293.0657958984375,34.68704605102539,6.453408718109131,15.285000801086426,2.702045440673828,2.0652272701263428
Royal icing,332.5834350585937,86.52952575683594,1.7395058870315552,0.0187058821320533,85.57211303710938,0.0
Russian salad,114.8276596069336,6.499463081359863,4.262938499450684,7.836682319641113,1.6575355529785156,2.569731473922729
Saffron milk (Kesariya doodh),102.18,12.64,3.17,4.57,12.5,0.14
Sago cutlet/vadas (Sabudana cutlet/vadas),558.7550048828125,11.226319313049316,0.5644468069076538,56.97008514404297,0.1042191758751869,0.5356833338737488
Sago khitchdi/khichri (Sabudana khitchdi/khichri),187.1644744873047,22.413801193237305,2.721275806427002,10.101280212402344,1.0335208177566528,1.8236956596374512
Sajina,345.26,66.87,10.81,3.03,25.89,7.62
Sambar,96.92,10.57,3.35,4.38,3.31,3.52
Sambar powder (Sambar masala),297.4648742675781,23.37696075439453,12.496862411499023,15.577156066894531,1.871176481246948,34.55549240112305
Sarson ka saag,87.84226989746094,5.325719356536865,3.004992723464966,5.860703468322754,0.7542064785957336,3.693440198898315
Sattu drink,23.38,5.16,0.56,0.14,3.96,0.4
Sauteed radishes with green beans,94.32,6.04,2.41,6.61,1.78,3.52
Savoury cheese horns,295.1474609375,21.3775634765625,5.6605634689331055,20.705049514770508,2.7442615032196045,0.7295151948928833
Savoury puffs,190.79,10.8,9.51,15.24,4.51,0.33
Scotch egg,676.89,1.91,4.05,72.62,0.3,0.36
Scrambled egg (Ande ki bhurji),155.97100830078125,1.3515714406967163,10.290857315063477,12.212428092956545,1.0844285488128662,0.2368571460247039
Semolina burfi (Suji/Rava burfi),348.67,47.1,3.47,16.86,28.67,2.8
Semolina carrot vada (Suji gajar vada),699.52880859375,6.520737171173096,1.5599077939987185,74.07450103759766,1.213517665863037,1.0675883293151855
Semolina dhokla (Suji/Rava dhokla),194.9146881103516,30.864978790283203,5.435585975646973,5.201395988464356,1.847110629081726,5.1176629066467285
Semolina dosa (Suji/Rava dosa),227.05209350585932,32.84082794189453,7.300220012664795,7.116666316986084,4.374471187591553,4.044466972351074
Semolina halwa (Suji ka halwa),225.65,24.67,2.16,13.38,13.98,1.86
Semolina idli (Suji/Rava idli),206.3904266357422,33.67109680175781,9.344619750976562,3.473734140396118,3.416455745697021,5.845991611480713
Semolina kheer (Suji/Rava kheer),113.2107925415039,15.882381439208984,3.4267563819885254,4.204195022583008,12.880998611450195,0.5071865916252136
Semolina ladoo with coconut (Suji/Rava aur nariyal ke ladoo ),464.43,50.9,5.68,27.03,27.32,6.69
Semolina ladoo with khoya (Suji/Rava aur khoye ke ladoo ),428.7066345214844,52.85617446899414,6.713513851165772,21.85932159423828,33.27823638916016,4.678498268127441
Semolina ladoo with nuts (Suji/Rava ladoo with nuts),441.84,48.02,5.44,25.45,19.79,4.27
Semolina milk drink (Thari kanji),44.16,6.93,0.98,1.36,3.88,0.72
Semolina porridge (Suji/Rava daliya),100.89,12.39,3.75,4.08,7.54,0.7
Semolina upma (Suji/Rava upma),147.8926239013672,16.312658309936523,3.300867319107056,7.493270874023437,1.3097596168518066,3.2424237728118896
Sesame chickpeas brittle (Til aur channe ki chikki),282.73699951171875,50.494998931884766,8.5,4.660714149475098,36.479286193847656,5.542142868041992
Sesame ladoo (Til ke ladoo),396.957275390625,43.5,10.704545974731444,19.64090919494629,38.63181686401367,7.722727298736572
Sesame toast,495.19,11.15,1.9,49.38,1.46,1.32
Sev (Omapodi/Karapusa),609.14,12.87,5.12,60.08,0.53,2.35
Shahi chicken masala,163.69508361816406,4.065444946289063,9.824180603027344,12.016855239868164,2.8578834533691406,0.9615709781646729
Shahi keema kofta curry,418.1347961425781,1.7322837114334106,4.140879154205322,43.82570266723633,0.7798011898994446,0.9061806201934814
Shahi paneer,156.49583435058594,6.6409196853637695,5.063810348510742,12.341103553771973,5.01357889175415,1.4023563861846924
Shahi suji halwa,382.3438415527344,44.43684768676758,3.48014235496521,21.72504615783692,27.208890914916992,2.9615259170532227
Shahi tukre,189.8100433349609,41.45988082885742,2.763382911682129,2.5377650260925293,34.69999313354492,0.5084372758865356
Shammi kebab,685.6908569335938,3.53739333152771,4.516568660736084,72.60784912109375,0.3147924244403839,1.049996018409729
Shepherd's pie (vegetarian),135.63,12.03,5.04,7.3,2.78,2.23
Shepherd's pie (with minced meat),142.78,8.06,7.45,8.88,1.7,1.05
Shishu ahar,93.36520385742188,17.415000915527344,2.611999988555908,1.4347500801086426,6.613500118255615,1.0204999446868896
Short bread cookies,443.0935363769531,64.81565856933594,6.027046203613281,17.98434066772461,23.31103134155273,1.5715302228927612
Snow flakes pudding,95.21478271484376,8.07217025756836,4.674559593200684,4.968112945556641,8.014780044555664,0.0333333313465118
Soft Custard (stirred),109.18196105957033,11.189579010009766,5.013466835021973,5.065971851348877,11.153507232666016,0.0
Sour lentils (Khatti dal),34.78679656982422,6.039076805114746,2.215777635574341,0.1241271495819091,1.251977801322937,1.222334861755371
Soya chikki,423.6982116699219,62.88771057128906,7.184717655181885,15.513954162597656,45.46844100952149,3.549501657485962
Soya chunks and peas (Nutrinugget matar),82.62,5.82,3.03,5.11,1.64,2.86
Soya chunks korma (Nutrinugget korma),131.43,7.67,3.86,9.5,4.66,2.57
Soya chunks sweet and sour (Nutrinugget sweet and sour),500.94,3.27,2.85,55.99,1.1,0.86
Soya roti,283.9637145996094,40.02847671508789,9.183112144470217,9.228145599365234,1.5841059684753418,8.708609580993652
Soya seekh kebab,115.05,10.0,5.4,5.88,0.51,2.24
Soyabean curry,163.28,6.76,10.43,10.19,2.66,7.34
Soyabean muthias,839.3265991210938,3.7021288871765137,2.456706523895264,90.44906616210938,0.1665911078453064,1.4698957204818726
Soyabean namak paras,838.46,4.65,2.65,89.83,0.22,1.41
Soyabean tikki,698.1696166992188,4.386415004730225,3.534716844558716,74.01758575439453,0.3495849072933197,2.2043774127960205
Spaghetti and cheese balls in tomato sauce,508.322021484375,7.815141677856445,2.4087061882019043,52.08030700683594,1.834898471832276,0.5925891995429993
Spaghetti bolognese,97.42620849609376,10.04308032989502,9.350064277648926,9.51491641998291,1.4110774993896484,1.0784796476364136
Spaghetti with meat balls and tomato sauce,158.13,10.46,5.61,10.64,1.87,1.11
Spaghetti with paneer balls and tomato sauce,158.54,12.72,3.95,10.44,3.03,1.25
Spanish omelette/omlet,157.44740295410156,5.1000657081604,8.250065803527832,11.439275741577148,1.0253947973251345,2.541973829269409
Spanish rice,164.24,31.1,4.19,2.23,1.26,2.78
Spicy corn chaat ,479.799072265625,11.44692039489746,4.6070170402526855,46.55184173583984,0.9480851292610168,2.1678731441497803
Spinach and paneer souffle ,186.1947326660156,9.640643119812012,7.561341285705566,13.49350357055664,2.805609703063965,1.068436861038208
Spinach and potato (Palak aloo),57.17095565795898,5.912322044372559,1.6299874782562256,2.8196754455566406,0.9337491393089294,2.0378479957580566
Spinach chickpeas cutlet (Palak channa dal cutlet),688.0281372070312,4.932109355926514,1.440955400466919,73.59933471679688,0.1606279015541076,0.929531455039978
Spinach khichri (Palak khichri/khichdi),102.17948150634766,17.350250244140625,3.428618907928467,1.9086521863937376,0.2064891904592514,1.5602329969406128
Spinach kofta curry (Palak kofta curry),571.78,3.56,1.09,61.49,0.82,0.92
Spinach mushroom (Palak mushroom),47.63,2.95,1.94,2.96,1.0,2.27
Spinach mushroom scrambled egg (Palak mushroom bhurji),158.8451690673828,0.5877930521965027,13.27927017211914,11.5103178024292,0.1048518642783165,0.3945212364196777
Spinach mutton (Palak mutton),80.32,3.45,5.74,4.71,1.42,2.23
Spinach pakora/pakoda (Palak pakoda),712.62,4.68,1.96,76.38,0.2,1.02
Spinach paneer (Palak paneer),77.6831283569336,4.429644584655762,4.033646583557129,4.763011932373047,2.55055832862854,1.906810522079468
Spinach paneer kofta curry (Palak paneer kofta curry),606.025146484375,2.942911386489868,1.426927924156189,65.40789031982422,1.1609245538711548,0.7456361055374146
Spinach peanut burfi (Palak aur mungfali ki burfi),105.37,13.59,3.36,4.39,11.5,2.07
Spinach peanut namak paras (Palak moongfali namak paras),740.16,6.62,1.65,78.51,0.28,0.81
Spinach poori (Palak poori),684.25,7.76,1.42,71.86,0.24,1.55
Spinach raita (Palak ka raita),52.75460052490234,5.058942794799805,3.948328018188477,1.858319640159607,3.968055009841919,1.390839695930481
Spinach souffle ,150.18,6.27,7.36,10.52,0.89,1.44
Spinach soup (Palak ka soup),32.59222412109375,3.0258355140686035,10.53670883178711,14.2641019821167,0.2918406426906585,1.9785419702529907
Spinach soup in milk ,56.72,3.98,2.89,3.2,3.34,0.79
Split bengal gram burfi/fudge (Channa dal burfi),287.3585205078125,54.63204193115234,4.647142887115479,7.092857360839844,43.37938690185547,2.061224460601806
Split bengal gram dal (Channa dal),99.6711654663086,9.994173049926758,4.151535987854004,4.622377872467041,0.9755985736846924,3.717142581939697
Split bengal gram dal and vegetable pulao (Channa dal and vegetable pulao),116.53,19.72,3.6,2.3,1.59,3.16
Split bengal gram with bottle gourd (Channa dal with ghiya/lauki),73.25393676757812,7.101042747497559,2.789580821990967,3.602670431137085,1.0464659929275513,2.720830202102661
Spring basket salad,160.4569549560547,11.606666564941406,3.3628571033477783,11.29714298248291,1.4647619724273682,3.091428756713867
Spring roll,623.8739624023438,8.558433532714844,1.8053548336029053,64.63278198242188,0.5979810357093811,0.6684460043907166
Sprouted moong dal chat,32.47,6.01,1.35,0.32,1.57,1.35
Sprouted moong daliya ,111.56,14.77,2.81,4.71,1.67,3.12
Sprouted moong parantha/paratha,228.59,24.31,4.29,12.43,1.47,4.49
Sprouted moong poha ,192.6034240722656,26.60483932495117,5.592452049255371,6.885891437530518,1.9255794286727903,3.132828712463379
Sprouted moong pulao,112.97,17.49,2.19,3.61,1.43,1.78
Sprouted moong raita ,60.89,6.13,4.62,2.19,5.59,0.16
Sprouted moong salad ,37.80807113647461,5.483361721038818,2.28932523727417,0.738871157169342,2.134184122085572,0.9467975497245787
Sprouts upma ,316.25,44.96,9.5,10.44,1.67,7.16
Starfruit preserves ,128.93,33.62,0.24,0.12,33.47,0.78
Steamed orange pudding,278.0331420898437,41.52545166015625,2.343419075012207,12.03508472442627,26.5340576171875,0.5848687887191772
Stewed apple,91.93085479736328,22.49142837524414,0.1657142788171768,0.365714281797409,20.445714950561523,1.4799998998641968
Stewed apple with custard,92.87266540527344,18.35978889465332,1.2698413133621216,1.8204585313797,15.46066951751709,1.0072309970855713
Stewed fruit (with pear),74.32,18.22,0.25,0.32,17.67,2.84
Stuffed baked potatoes ,100.19805145263672,11.034720420837402,3.815320253372192,4.390840530395508,0.4049209356307983,1.30967378616333
Stuffed bittergourd (dry) (Bharwa karela),217.65,2.49,1.29,22.38,0.07,3.0
Stuffed bittergourd (wet) (Bharwa karele),162.36154174804688,4.679901599884033,1.3634722232818604,15.24490737915039,1.9528133869171145,2.860555410385132
Stuffed bottle gourd (Stuffed ghiya/lauki),93.19,4.36,5.84,5.8,1.52,1.18
Stuffed brinjal (Bharwa baingan),92.99759674072266,3.958419799804688,1.5331376791000366,7.728148937225342,0.9218736290931702,4.091648101806641
Stuffed capsicum (Bharwa shimla mirch),90.94032287597656,8.255976676940918,1.3372509479522705,5.704382419586182,1.2133466005325315,2.0107569694519043
Stuffed egg omelette/omlet,203.51486206054688,2.3019466400146484,8.602519035339355,17.774503707885742,1.5683587789535522,0.7503053545951843
Stuffed okra (Bharwa bhindi),94.34012603759766,3.85425329208374,2.079592704772949,7.655135631561279,0.4805203378200531,4.146153926849365
Stuffed round gourd (Bharwa tinde),72.8,4.02,1.1,5.75,1.96,2.1
Stuffed tomatoes (Bharwa tamatar),93.35,6.19,3.28,6.06,2.68,2.2
Submarine sandwich,216.9175567626953,13.604089736938477,6.0886945724487305,15.320978164672852,2.499086856842041,1.2411575317382812
Summer cooler,22.428831100463867,5.431630611419678,0.3739036917686462,0.0354000739753246,5.212235927581787,0.1967161297798156
Sunflower cookies,520.6232299804688,40.06427764892578,9.48983097076416,36.2818489074707,24.27962875366211,3.950791120529175
Sunset and sunrise open sandwich,241.3109130859375,18.89407730102539,8.580724716186523,15.136857986450195,1.94525682926178,1.3892446756362915
Sweet Lassi (Meethi lassi),35.66101837158203,6.508474826812744,1.2881355285644531,0.6779661178588867,6.508474826812744,0.0
Sweet and sour tomato pickle (Khatta meetha tamatar ka achaar),60.88,6.55,1.26,3.24,4.31,2.2
Sweet corn soup,32.25,3.56,0.99,1.63,0.9,0.31
Sweet couscous dessert,196.199951171875,29.69262313842773,3.8134419918060303,7.691786289215088,15.89146327972412,2.17587947845459
Sweet lemon pickle (Neembu ka meetha achaar),69.54161071777344,16.8696346282959,1.220234990119934,0.2084007859230041,14.631742477416992,2.1344974040985107
Sweet open sandwich,244.2458038330078,39.24372863769531,4.985423564910889,8.153898239135742,12.230847358703612,2.3566102981567383
Sweet peach pickle (Aadoo ka achaar),144.64,37.01,0.46,0.2,36.46,1.32
Sweet poori (Meethi poori),782.75,14.26,2.12,79.63,7.15,1.54
Sweet raita (Meetha raita),99.2430191040039,17.931249618530273,3.2395832538604736,1.7791666984558103,15.359895706176758,1.019791603088379
Sweet split chickpea roti (Sweet channa dal roti/Puranpoli),366.58697509765625,62.66041946411133,9.514519691467283,7.927868843078613,24.73255157470703,8.159250259399414
Sweet wheat porridge (Sweet dalia),140.66,23.77,5.11,2.79,12.23,2.37
Sweetened yogurt (Shrikhand),107.18,16.02,5.27,2.89,15.81,0.08
Swiss roll,251.8735198974609,48.33952713012695,7.296679496765137,3.767035484313965,32.95533752441406,0.5454545617103577
Talaumein soup,35.62731170654297,4.171391487121582,10.122030258178713,12.784790992736816,0.7679230570793152,1.9394147396087649
Tamarind rice (Chintapandu pulihora/Puliyodharai/Puli sadam/Huli anna),373.0386047363281,65.08139038085938,7.453181743621826,8.532773971557617,11.64930820465088,5.117789268493652
Tandoori chicken,145.19863891601562,2.3364603519439697,16.263874053955078,7.933260917663574,1.5838992595672607,0.5048695206642151
Tandoori fish,95.98,2.37,11.19,4.64,1.6,0.58
Tandoori parantha/paratha,295.3700561523437,30.7401180267334,5.079640865325928,16.512575149536133,0.8622754812240601,5.441916465759277
Tartare sauce,610.93,2.96,1.44,66.12,2.18,0.42
Thandai,101.1769027709961,9.132845878601074,3.5914835929870605,5.887108325958252,8.207235336303711,0.7960942387580872
Thickened sweetened milk (Rabri),102.79,10.55,3.52,5.35,10.09,0.19
Thousand island dressing,407.8734130859375,4.494444370269775,1.3655555248260498,42.86518478393555,3.1048147678375244,0.456296294927597
Tomato and cucumber sandwich (Tamatar aur kheere ka sandwich),150.68,20.51,4.03,6.31,1.79,2.1
Tomato aspic,50.37,5.02,6.87,0.26,3.21,1.58
Tomato chicken,111.68009185791016,2.132354974746704,10.57033348083496,6.714834213256836,0.9281773567199708,1.4232397079467771
Tomato fish,489.78814697265625,3.17728853225708,2.3944642543792725,51.9081916809082,1.3504489660263062,0.7157089114189148
Tomato ketchup,33.068580627441406,6.478251457214356,0.9050446152687072,0.3000456988811493,4.684992790222168,1.8968619108200075
Tomato onion raita (Tamatar aur pyaaz ka raita),59.0,7.08,3.74,1.84,5.98,0.97
Tomato puree,20.62,3.68,0.75,0.25,2.32,1.56
Tomato sandwich (grilled),189.92,21.29,6.26,9.39,2.58,1.91
Tomato sauce,34.327598571777344,7.233640193939209,0.8106241226196289,0.2736711502075195,5.687477111816406,1.7875062227249146
Tossed green salad,49.87812805175781,3.815504550933838,1.3340367078781128,3.23651385307312,1.899587154388428,1.3262385129928589
Tossed salad,62.96,4.95,1.02,4.22,1.56,2.15
Triffle pudding,116.97,18.24,2.93,3.93,13.89,0.12
Urad sabut special,79.39273071289062,5.032357215881348,2.3288562297821045,5.461534023284912,0.8641084432601929,2.14921236038208
Urad special dehusked,69.43492889404297,8.86236572265625,3.140222787857056,2.168675422668457,1.3215153217315674,2.5015289783477783
Uttapam,255.95,36.28,6.18,9.03,1.5,4.4
Vanilla souffle,187.85,14.78,7.71,11.19,12.86,0.0
Veg manchurian,585.64,6.82,0.89,61.65,0.76,1.16
Veg paneer stew,145.5452117919922,10.215227127075195,6.984574794769287,8.407440185546875,4.851054191589356,3.078566789627075
Vegetable and cheese pie,126.88,8.76,4.03,8.28,2.69,1.91
Vegetable biryani/biriyani,174.61,18.56,3.16,9.51,2.14,3.31
Vegetable chowmein,129.71,15.44,3.07,6.36,1.97,1.86
Vegetable curry with coconut ,83.07,7.19,2.77,4.66,1.41,3.35
Vegetable cutlet,665.45,4.68,1.25,71.33,0.35,0.93
Vegetable jalfrezi,68.48,5.43,1.4,4.38,1.79,2.97
Vegetable khichdi/khichri,143.17,19.57,5.61,4.53,3.71,2.45
Vegetable mix,174.21,36.02,4.7,0.94,27.36,1.93
Vegetable namkeen jave,112.23060607910156,18.97719955444336,2.930877923965454,2.5060160160064697,1.0416624546051023,2.8592631816864014
Vegetable pancake,125.17634582519533,12.23516845703125,3.865659475326538,6.573175430297852,2.08504056930542,2.477165937423706
Vegetable patties ,261.92,20.98,4.01,17.74,1.49,2.62
Vegetable poha,180.515853881836,21.520601272583008,4.88825798034668,8.069046020507812,1.400986909866333,3.764533281326294
Vegetable samosa,443.10748291015625,13.2201509475708,2.2069897651672363,42.22310256958008,0.7429342269897461,1.5228114128112793
Vegetable seekh kebab,690.73,5.32,1.57,73.72,0.74,0.59
Vegetable soup,55.21,7.6,2.22,1.55,1.61,3.01
Vegetable upma,146.46817016601562,16.45557403564453,4.727303981781006,6.6315436363220215,1.3855432271957395,4.188104152679443
Vegetable yakhni,406.0583801269531,1.9396111965179443,1.1754627227783203,43.79631042480469,1.4352363348007202,0.6138189435005188
Vegetables stir fry ,30.781307220458984,3.194504499435425,1.03522527217865,1.4730372428894043,0.8552252650260925,1.374916434288025
Vegetarian club sandwich,198.32925415039065,19.684192657470703,5.451312065124512,11.32917022705078,2.0804224014282227,2.0566515922546387
Vegetarian egg kofta curry,627.41,4.26,1.33,67.24,1.19,0.64
Vegetarian nargisi kofta curry,332.15,6.58,2.29,32.94,1.65,0.86
Vegeterian scotch egg,681.66552734375,4.642024040222168,2.1630215644836426,72.77320861816406,0.2332399040460586,0.577197253704071
Vermicelli kheer (Semiya/Seviyan ki kheer),120.07,15.87,3.35,5.0,12.79,0.5
Vermicelli porridge (Semiya/Seviyan porridge),78.3978271484375,10.564943313598633,2.4965951442718506,2.982597589492798,7.040101051330566,0.4817149937152862
Vermicelli upma (Semiya/Seviyan upma),149.11,16.88,3.11,7.45,1.4,3.21
Waldroff salad,141.75323486328125,11.019432067871094,1.4740771055221558,10.051034927368164,8.230547904968262,1.865354895591736
Washed moong dal (Dhuli moong ki dal),50.00269317626953,5.906931400299072,2.677743673324585,1.680992841720581,0.1205956637859344,1.1709928512573242
Washed urad dal (Dhuli urad ki dal),61.32363510131836,5.8411149978637695,2.510929107666016,2.9800169467926025,0.3224831223487854,1.5285979509353638
Watercress sandwich,229.4174652099609,28.032331466674805,5.168360233306885,11.471363067626951,1.8124710321426392,2.2593533992767334
Wheat and gram flour ladoo (Atta besan ladoo),501.7003173828125,50.49619674682617,9.380413055419922,29.85508346557617,18.45830535888672,6.007768630981445
Wheat flakes,112.44,15.57,3.62,3.99,7.28,0.37
Wheat flour and moong dal burfi (Atta aur moong dal ki burfi),441.0816955566406,59.99618911743164,9.835238456726074,18.41142845153809,31.11618995666504,6.019047737121582
Wheat flour and nuts ladoos (Atta nuts ladoos),391.9016723632813,44.31482696533203,9.461724281311035,19.192413330078125,15.938620567321776,7.304137706756592
Whey soup,68.91,6.26,3.45,3.34,5.87,0.84
White sauce (medium),151.2744140625,7.977153301239014,3.358149528503418,11.76241970062256,4.323345184326172,0.1375088989734649
White sauce (thick),209.69386291503903,10.240869522094728,3.431304216384888,17.190311431884766,3.900993824005127,0.2400000095367431
White sauce (thin),115.16873931884766,6.578080654144287,3.312936544418335,8.407753944396973,4.584376335144043,0.0741650685667991
Whole masoor (Masoor ki dal),54.05467224121094,5.37463903427124,2.2791972160339355,2.518010377883911,0.6699597239494324,1.9838132858276367
Whole moong (Moong ki dal),53.698612213134766,5.218648910522461,2.249401330947876,2.5644569396972656,0.5858303308486938,2.0171144008636475
Whole moth (Moth ki dal),54.99718475341797,5.740952014923096,2.005776882171631,2.6187903881073,0.6576908230781555,1.84885573387146
Whole urad (Urad ki dal),53.79513549804688,5.047299385070801,2.213059902191162,2.62381911277771,0.5669622421264648,2.3189191818237305
Woodapple juice (Bel ka sharbat),34.176883697509766,6.509658336639404,0.62922203540802,0.6988614797592163,5.752609252929688,1.0298007726669312
Yam kofta curry (Zimikand/Suran kofta curry),322.88,3.75,0.71,33.84,0.63,1.04
